serial,GPS_date_YYYY-MM-DD,GPS_utc_HH:MM:SS,GPS_YYYY-MM-DD_HH:MM:SS,lat,lon,hdop,fix,cog,speed,alt,data_voltage,solar_charge,solar_current,nsats,vdop,geo,activity,inactivity,temperature,time_to_fix
89460800120136624465,2022-07-30,19:24:08,2022-07-30 19:24:08,46.982555,-123.967827,0.97,3,0,0.99,6.0,4.06,4.95,0.0,12,1.56,,51,,32.0,6
89460800120136624465,2022-07-30,19:08:55,2022-07-30 19:08:55,46.98254,-123.970154,1.05,3,8,1.02,-17.0,4.07,5.03,0.0,12,1.28,,27,,30.0,7
89460800120136624465,2022-07-30,18:53:41,2022-07-30 18:53:41,46.982273,-123.972626,0.91,3,23,1.48,0.0,4.07,5.67,0.0,12,1.26,,38,,31.0,6
89460800120136624465,2022-07-30,18:38:28,2022-07-30 18:38:28,46.982292,-123.973984,1.38,3,356,0.39,-13.0,4.07,5.4,0.0,11,1.93,,46,,33.0,6
89460800120136624465,2022-07-30,18:23:15,2022-07-30 18:23:15,46.982201,-123.974251,0.92,3,345,0.04,8.0,4.07,5.68,11.0,12,1.6,,2,,33.0,6
89460800120136624465,2022-07-30,18:08:02,2022-07-30 18:08:02,46.982159,-123.975014,0.98,3,354,0.95,16.0,4.06,4.75,0.0,11,1.56,,0,,29.0,10
89460800120136624465,2022-07-30,17:52:45,2022-07-30 17:52:45,46.982033,-123.974945,0.99,3,329,0.8,9.0,4.07,4.53,0.0,12,1.22,,0,,29.0,8
89460800120136624465,2022-07-30,17:37:30,2022-07-30 17:37:30,46.982018,-123.974976,1.64,3,8,2.53,2.0,4.07,4.38,0.0,9,2.54,,0,,28.0,8
89460800120136624465,2022-07-30,17:22:15,2022-07-30 17:22:15,46.982197,-123.975159,1.05,3,352,0.78,-42.0,4.07,3.72,0.0,12,1.87,,0,,29.0,7
89460800120136624465,2022-07-30,17:07:01,2022-07-30 17:07:01,46.982162,-123.975021,1.11,3,0,0.51,-20.0,4.07,3.57,0.0,9,2.47,,0,,29.0,14
89460800120136624465,2022-07-30,00:17:00,2022-07-30 00:17:00,46.982216,-123.975136,1.41,3,359,1.43,-9.0,4.14,4.06,0.0,9,1.54,,24,,31.0,5
89460800120136624465,2022-07-30,00:01:47,2022-07-30 00:01:47,46.982288,-123.974426,1.46,3,5,2.17,-13.0,4.13,4.13,0.0,9,1.95,,4,,35.0,5
89460800120136624465,2022-07-29,23:46:33,2022-07-29 23:46:33,46.982273,-123.974411,1.36,3,0,0.51,-9.0,4.14,5.21,0.0,10,1.73,,8,,37.0,6
89460800120136624465,2022-07-29,23:31:20,2022-07-29 23:31:20,46.982273,-123.974396,1.63,3,83,0.41,-10.0,4.13,5.67,4.0,9,1.88,,1,,36.0,6
89460800120136624465,2022-07-29,23:16:07,2022-07-29 23:16:07,46.98225,-123.974373,1.23,3,337,0.75,-16.0,4.13,4.77,0.0,10,1.58,,61,,35.0,6
89460800120136624465,2022-07-29,23:00:54,2022-07-29 23:00:54,46.982285,-123.973892,1.21,3,129,0.77,-30.0,4.13,5.94,10.0,10,1.77,,32,,35.0,6
89460800120136624465,2022-07-29,22:45:41,2022-07-29 22:45:41,46.982246,-123.973976,1.15,3,336,0.63,-9.0,4.12,4.97,0.0,11,1.59,,16,,34.0,6
89460800120136624465,2022-07-29,22:30:28,2022-07-29 22:30:28,46.982323,-123.973961,1.33,3,328,1.03,-13.0,4.13,5.05,1.0,10,1.73,,25,,35.0,6
89460800120136624465,2022-07-29,22:15:15,2022-07-29 22:15:15,46.9823,-123.973839,1.11,3,352,1.74,-24.0,4.12,6.2,9.0,10,1.8,,14,,39.0,7
89460800120136624465,2022-07-29,22:00:01,2022-07-29 22:00:01,46.982315,-123.973763,1.02,3,332,0.4,-6.0,4.11,5.45,0.0,12,1.57,,18,,40.0,7
89460800120136624465,2022-07-29,21:44:47,2022-07-29 21:44:47,46.982296,-123.973778,1.46,3,355,1.28,-4.0,4.11,5.21,1.0,11,1.71,,9,,39.0,7
89460800120136624465,2022-07-29,21:29:33,2022-07-29 21:29:33,46.982269,-123.973679,1.23,3,0,0.77,-2.0,4.12,4.83,0.0,11,1.28,,14,,38.0,7
89460800120136624465,2022-07-29,21:14:19,2022-07-29 21:14:19,46.982121,-123.974182,1.06,3,356,0.62,12.0,4.12,5.68,14.0,12,1.24,,3,,43.0,6
89460800120136624465,2022-07-29,20:59:06,2022-07-29 20:59:06,46.982121,-123.974205,1.05,3,22,0.25,12.0,4.12,6.06,7.0,12,1.18,,27,,33.0,6
89460800120136624465,2022-07-29,20:43:53,2022-07-29 20:43:53,46.982159,-123.975548,1.06,3,274,0.9,-3.0,4.12,4.51,0.0,12,1.32,,58,,29.0,7
89460800120136624465,2022-07-29,20:28:39,2022-07-29 20:28:39,46.982174,-123.976807,1.04,3,307,1.92,4.0,4.11,4.57,0.0,12,1.47,,290,,33.0,8
89460800120136624465,2022-07-29,20:13:24,2022-07-29 20:13:24,46.982189,-123.979492,1.79,3,0,1.56,9.0,4.12,5.15,0.0,9,2.06,,0,,36.0,8
89460800120136624465,2022-07-29,19:58:09,2022-07-29 19:58:09,46.982174,-123.979584,1.31,3,0,0.29,7.0,4.11,6.08,10.0,9,2.38,,48,,31.0,12
89460800120136624465,2022-07-29,19:42:50,2022-07-29 19:42:50,46.982182,-123.979591,1.47,3,2,0.41,13.0,4.12,5.09,1.0,9,2.8,,48,,30.0,6
89460800120136624465,2022-07-29,19:27:42,2022-07-29 19:27:42,46.98238,-123.979858,1.58,3,0,0.27,27.0,4.1,4.82,0.0,9,2.91,,126,,29.0,15
89460800120136624465,2022-07-29,19:12:19,2022-07-29 19:12:19,46.98193,-123.98037,1.26,3,0,0.56,77.0,4.13,4.69,0.0,11,1.96,,84,,30.0,16
89460800120136624465,2022-07-29,18:56:55,2022-07-29 18:56:55,46.982109,-123.981354,1.64,3,353,0.67,1.0,4.12,4.78,0.0,12,2.43,,225,,33.0,10
89460800120136624465,2022-07-29,18:41:37,2022-07-29 18:41:37,46.981766,-123.982651,1.3,3,227,2.14,40.0,4.12,5.69,0.0,10,1.65,,22,,34.0,9
89460800120136624465,2022-07-29,18:26:20,2022-07-29 18:26:20,46.981575,-123.982414,1.63,3,338,2.36,39.0,4.12,5.93,0.0,10,2.15,,82,,30.0,7
89460800120136624465,2022-07-29,18:11:05,2022-07-29 18:11:05,46.981686,-123.98185,1.68,3,140,0.39,48.0,4.12,5.04,0.0,11,2.36,,27,,25.0,13
89460800120136624465,2022-07-29,17:55:44,2022-07-29 17:55:44,46.981739,-123.981834,1.0,3,0,1.01,64.0,4.12,4.53,0.0,11,1.34,,0,,25.0,12
89460800120136624465,2022-07-29,17:40:24,2022-07-29 17:40:24,46.982147,-123.981956,1.08,3,48,0.34,-37.0,4.12,4.49,0.0,11,1.8,,49,,25.0,7
89460800120136624465,2022-07-29,17:25:09,2022-07-29 17:25:09,46.982113,-123.981728,2.02,3,0,0.79,0.0,4.11,3.93,0.0,9,2.66,,0,,25.0,6
89460800120136624465,2022-07-29,17:09:55,2022-07-29 17:09:55,46.981945,-123.981323,1.3,3,0,0.37,127.0,4.11,3.06,0.0,9,2.46,,0,,25.0,6
89460800120136624465,2022-07-29,16:54:41,2022-07-29 16:54:41,46.981831,-123.981544,0.9,3,2,1.41,89.0,4.11,3.78,0.0,11,1.94,,0,,26.0,7
89460800120136624465,2022-07-29,16:39:26,2022-07-29 16:39:26,46.981701,-123.981506,0.97,3,0,0.68,111.0,4.11,3.74,0.0,10,1.75,,0,,27.0,6
89460800120136624465,2022-07-29,16:24:12,2022-07-29 16:24:12,46.98177,-123.981682,1.5,3,0,0.81,97.0,4.12,3.23,0.0,10,2.47,,0,,29.0,6
89460800120136624465,2022-07-29,16:08:58,2022-07-29 16:08:58,46.981438,-123.981842,1.42,3,0,1.41,102.0,4.11,2.11,0.0,9,2.13,,0,,31.0,12
89460800120136624465,2022-07-29,15:54:08,2022-07-29 15:54:08,46.981407,-123.982018,1.99,3,0,2.45,118.0,4.11,2.37,0.0,6,2.94,,0,,32.0,23
89460800120136624465,2022-07-29,15:38:37,2022-07-29 15:38:37,46.981651,-123.981537,1.6,3,0,1.65,57.0,4.12,2.06,0.0,8,1.56,,0,,31.0,13
89460800120136624465,2022-07-29,15:23:46,2022-07-29 15:23:46,46.981468,-123.981819,1.81,3,0,1.79,51.0,4.11,2.47,0.0,7,1.56,,0,,32.0,24
89460800120136624465,2022-07-29,15:08:14,2022-07-29 15:08:14,46.981606,-123.98185,1.88,3,0,1.51,39.0,4.12,1.36,0.0,8,1.76,,0,,32.0,14
89460800120136624465,2022-07-29,14:53:22,2022-07-29 14:53:22,46.981937,-123.981934,1.32,3,0,1.08,-35.0,4.1,1.3,0.0,8,1.8,,0,,32.0,28
89460800120136624465,2022-07-29,14:38:46,2022-07-29 14:38:46,46.982071,-123.981644,1.61,3,0,0.29,-27.0,4.11,1.35,0.0,7,1.96,,0,,32.0,73
89460800120136624465,2022-07-29,14:22:25,2022-07-29 14:22:25,46.982559,-123.982964,2.41,3,0,0.25,-149.0,4.12,1.06,0.0,6,2.89,,0,,32.0,14
89460800120136624465,2022-07-29,14:07:33,2022-07-29 14:07:33,46.982742,-123.982414,1.65,3,285,1.45,-119.0,4.12,0.84,0.0,7,2.31,,0,,32.0,39
89460800120136624465,2022-07-29,13:52:16,2022-07-29 13:52:16,46.982903,-123.98201,1.51,3,0,0.19,-383.0,4.11,0.68,0.0,7,5.35,,3,,32.0,37
89460800120136624465,2022-07-29,13:37:31,2022-07-29 13:37:31,46.982773,-123.98172,1.58,3,0,0.37,-161.0,4.11,0.6,0.0,7,4.96,,0,,32.0,54
89460800120136624465,2022-07-29,13:21:29,2022-07-29 13:21:29,46.982738,-123.981468,1.26,3,0,3.33,-121.0,4.11,0.3,0.0,8,1.73,,0,,31.0,12
89460800120136624465,2022-07-29,13:06:39,2022-07-29 13:06:39,46.982796,-123.981819,1.13,3,322,2.6,-134.0,4.11,0.2,0.0,7,1.72,,0,,32.0,40
89460800120136624465,2022-07-29,12:50:51,2022-07-29 12:50:51,46.982613,-123.981133,1.5,3,0,1.94,-53.0,4.12,0.08,0.0,8,1.88,,0,,31.0,19
89460800120136624465,2022-07-29,12:35:24,2022-07-29 12:35:24,46.983284,-123.981987,1.38,3,0,1.17,-119.0,4.1,0.05,0.0,9,1.46,,0,,31.0,20
89460800120136624465,2022-07-29,12:19:56,2022-07-29 12:19:56,46.98262,-123.981255,1.26,3,0,0.95,-50.0,4.13,0.03,0.0,8,1.6,,0,,32.0,17
89460800120136624465,2022-07-29,12:04:31,2022-07-29 12:04:31,46.982693,-123.981522,1.23,3,0,1.45,-78.0,4.12,0.03,0.0,9,1.59,,0,,31.0,20
89460800120136624465,2022-07-29,11:49:03,2022-07-29 11:49:03,46.982338,-123.981812,1.5,3,313,2.65,-4.0,4.1,0.03,0.0,8,1.54,,0,,31.0,13
89460800120136624465,2022-07-29,11:34:42,2022-07-29 11:34:42,46.982712,-123.982246,2.35,3,325,2.59,-45.0,4.13,0.03,0.0,8,2.57,,2,,32.0,75
89460800120136624465,2022-07-29,05:10:40,2022-07-29 05:10:40,46.981785,-123.981186,1.34,3,0,0.66,2.0,4.12,0.03,0.0,7,1.98,,0,,32.0,21
89460800120136624465,2022-07-29,05:04:43,2022-07-29 05:04:43,46.981438,-123.981422,1.32,3,0,1.79,16.0,4.13,0.03,0.0,7,2.35,,0,,32.0,25
89460800120136624465,2022-07-29,04:49:40,2022-07-29 04:49:40,46.981434,-123.982483,1.48,3,0,0.39,-249.0,4.12,0.03,0.0,7,3.29,,0,,32.0,48
89460800120136624465,2022-07-29,04:34:14,2022-07-29 04:34:14,46.981827,-123.981346,1.11,3,0,0.93,-35.0,4.12,0.03,0.0,9,1.97,,0,,32.0,26
89460800120136624465,2022-07-29,04:19:10,2022-07-29 04:19:10,46.981049,-123.98098,1.36,3,0,0.68,87.0,4.11,0.04,0.0,8,1.97,,0,,32.0,23
89460800120136624465,2022-07-29,04:03:39,2022-07-29 04:03:39,46.981926,-123.981956,1.33,3,0,0.57,144.0,4.13,0.09,0.0,8,1.93,,0,,32.0,15
89460800120136624465,2022-07-29,03:48:46,2022-07-29 03:48:46,46.982265,-123.981476,1.28,3,0,1.0,-75.0,4.13,0.22,0.0,9,1.57,,0,,32.0,25
89460800120136624465,2022-07-29,03:33:43,2022-07-29 03:33:43,46.982349,-123.980644,1.42,3,296,2.28,-76.0,4.13,0.44,0.0,9,2.23,,0,,32.0,23
89460800120136624465,2022-07-29,03:18:42,2022-07-29 03:18:42,46.982018,-123.981583,1.15,3,338,0.06,-24.0,4.13,0.67,0.0,11,2.22,,0,,33.0,23
89460800120136624465,2022-07-29,03:03:11,2022-07-29 03:03:11,46.98233,-123.982521,2.06,3,0,1.29,-23.0,4.13,0.62,0.0,8,2.54,,0,,33.0,13
89460800120136624465,2022-07-29,02:47:50,2022-07-29 02:47:50,46.982292,-123.98185,1.77,3,0,0.47,34.0,4.13,0.65,0.0,10,2.72,,0,,34.0,21
89460800120136624465,2022-07-29,02:33:21,2022-07-29 02:33:21,46.982403,-123.982529,1.82,3,0,1.1,-78.0,4.12,0.34,0.0,8,3.54,,0,,35.0,58
89460800120136624465,2022-07-29,02:17:45,2022-07-29 02:17:45,46.982571,-123.982323,1.68,3,0,0.54,-35.0,4.13,0.31,0.0,8,3.13,,0,,34.0,22
89460800120136624465,2022-07-29,02:02:45,2022-07-29 02:02:45,46.98278,-123.982521,1.48,3,0,1.29,-77.0,4.13,0.4,0.0,8,2.48,,0,,33.0,24
89460800120136624465,2022-07-29,01:47:43,2022-07-29 01:47:43,46.982349,-123.982185,1.08,3,0,0.76,-102.0,4.13,0.46,0.0,10,1.95,,0,,31.0,43
89460800120136624465,2022-07-29,01:31:52,2022-07-29 01:31:52,46.982334,-123.982643,1.09,3,0,0.51,-98.0,4.13,1.3,0.0,11,1.62,,0,,31.0,10
89460800120136624465,2022-07-29,01:17:04,2022-07-29 01:17:04,46.982037,-123.982346,1.01,3,0,0.55,-101.0,4.12,1.74,0.0,11,1.73,,1,,30.0,28
89460800120136624465,2022-07-29,01:01:28,2022-07-29 01:01:28,46.981922,-123.981758,1.21,3,0,0.7,27.0,4.13,3.74,0.0,11,2.09,,29,,28.0,11
89460800120136624465,2022-07-29,00:46:39,2022-07-29 00:46:39,46.982048,-123.981926,1.27,3,0,0.17,-42.0,4.14,3.75,0.0,10,1.69,,80,,29.0,42
89460800120136624465,2022-07-29,00:30:49,2022-07-29 00:30:49,46.981979,-123.980324,1.52,3,17,0.64,59.0,4.13,4.08,0.0,11,1.77,,1,,30.0,8
89460800120136624465,2022-07-29,00:15:33,2022-07-29 00:15:33,46.982101,-123.980339,1.02,3,110,0.57,13.0,4.13,3.31,0.0,11,1.13,,5,,30.0,10
89460800120136624465,2022-07-29,00:00:13,2022-07-29 00:00:13,46.982174,-123.980026,1.11,3,0,0.73,51.0,4.13,3.02,0.0,12,1.29,,0,,30.0,10
89460800120136624465,2022-07-28,23:44:55,2022-07-28 23:44:55,46.982128,-123.979935,1.21,3,0,0.7,50.0,4.14,3.71,0.0,10,1.47,,0,,30.0,7
89460800120136624465,2022-07-28,23:29:40,2022-07-28 23:29:40,46.982323,-123.980087,1.42,3,90,3.04,77.0,4.14,3.84,0.0,9,2.6,,0,,30.0,11
89460800120136624465,2022-07-28,23:14:21,2022-07-28 23:14:21,46.982025,-123.979271,1.56,3,334,5.16,29.0,4.14,4.17,0.0,12,1.88,,144,,29.0,10
89460800120136624465,2022-07-28,22:59:03,2022-07-28 22:59:03,46.98283,-123.978615,1.43,3,0,0.23,-11.0,4.11,4.9,0.0,10,1.6,,104,,30.0,8
89460800120136624465,2022-07-28,22:43:47,2022-07-28 22:43:47,46.981606,-123.97776,2.6,3,357,3.2,78.0,4.12,4.15,0.0,7,2.22,,172,,29.0,12
89460800120136624465,2022-07-28,22:28:27,2022-07-28 22:28:27,46.981415,-123.977737,1.87,3,319,3.77,86.0,4.13,3.03,0.0,8,2.38,,0,,30.0,14
89460800120136624465,2022-07-28,22:13:05,2022-07-28 22:13:05,46.982166,-123.977524,1.95,3,5,2.39,45.0,4.14,3.11,0.0,8,2.31,,0,,31.0,16
89460800120136624465,2022-07-28,21:58:11,2022-07-28 21:58:11,46.982029,-123.977776,2.02,3,0,0.75,76.0,4.13,3.06,0.0,8,2.21,,37,,32.0,29
89460800120136624465,2022-07-28,21:42:34,2022-07-28 21:42:34,46.982906,-123.978699,1.6,3,0,0.31,-60.0,4.11,4.36,0.0,9,1.72,,94,,34.0,16
89460800120136624465,2022-07-28,21:27:10,2022-07-28 21:27:10,46.982903,-123.979294,1.34,3,359,1.87,-9.0,4.14,4.91,0.0,9,1.33,,229,,37.0,9
89460800120136624465,2022-07-28,21:11:53,2022-07-28 21:11:53,46.982185,-123.981499,2.02,3,165,0.47,93.0,4.14,5.39,1.0,11,3.19,,49,,41.0,8
89460800120136624465,2022-07-28,20:56:37,2022-07-28 20:56:37,46.981861,-123.981308,1.21,3,19,0.87,64.0,4.14,5.81,5.0,11,1.46,,75,,35.0,6
89460800120136624465,2022-07-28,20:41:23,2022-07-28 20:41:23,46.981922,-123.981316,1.08,3,0,0.45,86.0,4.14,5.28,3.0,10,1.58,,65,,29.0,7
89460800120136624465,2022-07-28,20:26:08,2022-07-28 20:26:08,46.982506,-123.982147,1.36,3,21,0.47,1.0,4.13,4.72,0.0,9,1.66,,120,,29.0,11
89460800120136624465,2022-07-28,20:10:49,2022-07-28 20:10:49,46.982155,-123.981369,1.38,3,5,0.86,47.0,4.11,5.05,0.0,9,2.02,,55,,31.0,10
89460800120136624465,2022-07-28,19:55:31,2022-07-28 19:55:31,46.981915,-123.98027,1.45,3,107,2.43,13.0,4.13,5.0,0.0,10,2.73,,150,,34.0,9
89460800120136624465,2022-07-28,19:40:14,2022-07-28 19:40:14,46.981682,-123.979637,1.82,3,44,0.39,53.0,4.12,4.51,0.0,7,2.94,,89,,40.0,11
89460800120136624465,2022-07-28,19:24:55,2022-07-28 19:24:55,46.981895,-123.980072,1.74,3,79,4.75,22.0,4.13,5.85,8.0,7,2.84,,27,,42.0,8
89460800120136624465,2022-07-28,19:09:39,2022-07-28 19:09:39,46.981899,-123.980011,1.17,3,354,1.23,36.0,4.1,5.94,7.0,9,1.65,,105,,32.0,10
89460800120136624465,2022-07-28,18:54:21,2022-07-28 18:54:21,46.981976,-123.979805,1.47,3,358,1.03,22.0,4.1,5.16,0.0,10,1.5,,85,,28.0,12
89460800120136624465,2022-07-28,18:39:01,2022-07-28 18:39:01,46.981838,-123.979736,1.07,3,354,0.97,53.0,4.12,4.66,0.0,10,1.62,,81,,26.0,17
89460800120136624465,2022-07-28,18:23:36,2022-07-28 18:23:36,46.981701,-123.979424,1.64,3,0,0.09,91.0,4.13,4.26,0.0,9,2.23,,26,,28.0,17
89460800120136624465,2022-07-28,18:08:41,2022-07-28 18:08:41,46.981121,-123.979622,2.5,3,0,0.32,167.0,4.13,2.84,0.0,7,3.45,,14,,27.0,22
89460800120136624465,2022-07-28,17:53:41,2022-07-28 17:53:41,46.981491,-123.980042,2.02,3,0,2.36,111.0,4.11,4.17,0.0,8,2.91,,2,,28.0,27
89460800120136624465,2022-07-28,17:38:06,2022-07-28 17:38:06,46.981388,-123.979561,2.29,3,0,1.86,89.0,4.13,3.52,0.0,7,3.16,,39,,28.0,14
89460800120136624465,2022-07-28,17:22:44,2022-07-28 17:22:44,46.981438,-123.979546,1.48,3,6,4.39,88.0,4.13,3.89,0.0,8,2.57,,0,,29.0,8
89460800120136624465,2022-07-28,17:07:28,2022-07-28 17:07:28,46.98188,-123.979652,1.29,3,0,4.25,68.0,4.12,3.52,0.0,8,2.4,,0,,30.0,7
89460800120136624465,2022-07-28,16:52:13,2022-07-28 16:52:13,46.981918,-123.979736,1.45,3,0,1.03,67.0,4.13,3.12,0.0,7,2.12,,0,,30.0,6
89460800120136624465,2022-07-28,16:36:59,2022-07-28 16:36:59,46.981827,-123.979599,1.55,3,0,1.92,88.0,4.13,3.45,0.0,7,1.8,,0,,29.0,11
89460800120136624465,2022-07-28,16:21:40,2022-07-28 16:21:40,46.981964,-123.979805,1.52,3,355,1.27,112.0,4.13,3.69,0.0,7,2.19,,0,,28.0,10
89460800120136624465,2022-07-28,16:06:22,2022-07-28 16:06:22,46.981602,-123.97998,1.7,3,21,4.55,116.0,4.13,4.42,0.0,7,2.14,,0,,29.0,8
89460800120136624465,2022-07-28,15:51:36,2022-07-28 15:51:36,46.981579,-123.980072,1.97,3,0,1.96,83.0,4.13,3.58,0.0,6,2.85,,0,,30.0,22
89460800120136624465,2022-07-28,15:36:06,2022-07-28 15:36:06,46.981541,-123.98037,2.37,3,0,2.37,70.0,4.13,2.88,0.0,8,2.81,,0,,31.0,12
89460800120136624465,2022-07-28,15:21:16,2022-07-28 15:21:16,46.981327,-123.980133,2.33,3,4,4.63,107.0,4.1,3.18,0.0,8,2.52,,0,,32.0,29
89460800120136624465,2022-07-28,15:06:39,2022-07-28 15:06:39,46.98217,-123.980247,3.1,3,350,2.44,-8.0,4.13,3.19,0.0,6,3.75,,0,,32.0,65
89460800120136624465,2022-07-28,14:50:26,2022-07-28 14:50:26,46.982002,-123.979851,1.99,3,160,0.67,35.0,4.13,2.93,0.0,7,2.44,,0,,31.0,21
89460800120136624465,2022-07-28,14:34:57,2022-07-28 14:34:57,46.982258,-123.979958,1.43,3,18,3.93,-1.0,4.12,2.17,0.0,8,1.46,,0,,31.0,10
89460800120136624465,2022-07-28,14:19:39,2022-07-28 14:19:39,46.982323,-123.979942,2.0,3,56,4.21,-38.0,4.11,1.69,0.0,7,2.59,,0,,31.0,17
89460800120136624465,2022-07-28,14:04:14,2022-07-28 14:04:14,46.982071,-123.980286,1.56,3,310,3.44,-44.0,4.13,1.56,0.0,8,2.15,,0,,31.0,15
89460800120136624465,2022-07-28,13:48:51,2022-07-28 13:48:51,46.982857,-123.980385,2.02,3,333,1.65,-252.0,4.12,1.55,0.0,7,2.64,,0,,31.0,10
89460800120136624465,2022-07-28,13:33:33,2022-07-28 13:33:33,46.983391,-123.980209,2.11,3,5,3.07,-318.0,4.13,0.89,3.0,7,3.38,,0,,31.0,13
89460800120136624465,2022-07-28,13:18:12,2022-07-28 13:18:12,46.98299,-123.980049,1.87,3,359,0.23,-121.0,4.13,0.06,0.0,7,2.45,,0,,32.0,11
89460800120136624465,2022-07-28,13:03:23,2022-07-28 13:03:23,46.983795,-123.979324,1.79,3,41,0.37,-260.0,4.14,0.09,0.0,7,2.59,,0,,33.0,22
89460800120136624465,2022-07-28,12:48:23,2022-07-28 12:48:23,46.983322,-123.979095,1.38,3,103,2.57,-198.0,4.14,0.05,0.0,10,1.77,,0,,33.0,37
89460800120136624465,2022-07-28,12:32:38,2022-07-28 12:32:38,46.983364,-123.979622,1.32,3,327,2.4,-149.0,4.13,0.04,0.0,10,1.92,,0,,32.0,19
89460800120136624465,2022-07-28,12:17:11,2022-07-28 12:17:11,46.98315,-123.980362,1.47,3,333,2.25,2.0,4.13,0.04,0.0,9,1.68,,0,,33.0,17
89460800120136624465,2022-07-28,12:03:16,2022-07-28 12:03:16,46.983562,-123.980385,1.62,3,0,2.19,-85.0,4.13,0.04,0.0,7,1.94,,0,,34.0,108
89460800120136624465,2022-07-28,05:12:28,2022-07-28 05:12:28,46.982132,-123.979477,2.09,3,10,1.86,-58.0,4.14,0.03,0.0,6,4.63,,0,,33.0,18
89460800120136624465,2022-07-28,05:05:04,2022-07-28 05:05:04,46.981506,-123.979126,2.17,3,14,0.53,19.0,4.15,0.03,0.0,6,3.5,,0,,33.0,27
89460800120136624465,2022-07-28,04:49:29,2022-07-28 04:49:29,46.981247,-123.979294,1.24,3,0,0.81,154.0,4.12,0.03,0.0,8,2.33,,0,,32.0,11
89460800120136624465,2022-07-28,04:34:10,2022-07-28 04:34:10,46.981472,-123.979355,2.02,3,0,0.46,95.0,4.15,0.03,0.0,7,2.25,,0,,33.0,18
89460800120136624465,2022-07-28,04:19:14,2022-07-28 04:19:14,46.981586,-123.979462,2.29,3,49,1.96,50.0,4.15,0.04,0.0,7,1.93,,0,,33.0,26
89460800120136624465,2022-07-28,04:04:10,2022-07-28 04:04:10,46.981628,-123.979866,2.56,3,0,2.35,80.0,4.15,0.05,0.0,6,1.76,,0,,33.0,30
89460800120136624465,2022-07-28,03:49:02,2022-07-28 03:49:02,46.983219,-123.980942,3.07,3,0,0.58,-17.0,4.13,0.07,0.0,6,2.04,,0,,32.0,31
89460800120136624465,2022-07-28,03:33:53,2022-07-28 03:33:53,46.983227,-123.98098,2.4,3,216,2.6,-27.0,4.14,0.14,0.0,7,2.57,,0,,31.0,24
89460800120136624465,2022-07-28,03:18:21,2022-07-28 03:18:21,46.982666,-123.980721,1.79,3,254,0.42,31.0,4.15,0.76,0.0,8,1.88,,0,,33.0,19
89460800120136624465,2022-07-28,03:03:24,2022-07-28 03:03:24,46.982346,-123.980339,1.17,3,0,0.6,3.0,4.15,0.35,0.0,10,2.08,,0,,33.0,35
89460800120136624465,2022-07-28,02:47:41,2022-07-28 02:47:41,46.982483,-123.980347,1.71,3,0,0.7,11.0,4.15,0.52,0.0,8,2.37,,0,,33.0,16
89460800120136624465,2022-07-28,02:32:47,2022-07-28 02:32:47,46.982372,-123.980354,2.33,3,0,1.23,-44.0,4.14,0.51,0.0,6,3.09,,0,,34.0,30
89460800120136624465,2022-07-28,02:17:39,2022-07-28 02:17:39,46.982616,-123.980492,1.57,3,0,0.57,-51.0,4.15,0.52,0.0,7,3.91,,0,,34.0,25
89460800120136624465,2022-07-28,02:02:36,2022-07-28 02:02:36,46.982292,-123.980392,2.09,3,107,0.72,26.0,4.14,0.57,0.0,6,2.79,,0,,34.0,42
89460800120136624465,2022-07-28,01:46:46,2022-07-28 01:46:46,46.98222,-123.980331,1.82,3,0,0.49,40.0,4.15,0.47,0.0,6,3.25,,0,,34.0,17
89460800120136624465,2022-07-28,01:31:21,2022-07-28 01:31:21,46.982662,-123.980217,1.86,3,325,1.08,-41.0,4.14,0.78,0.0,6,2.22,,0,,34.0,11
89460800120136624465,2022-07-28,01:16:02,2022-07-28 01:16:02,46.982704,-123.980026,1.89,3,336,3.15,-35.0,4.12,0.87,2.0,6,2.64,,0,,34.0,13
89460800120136624465,2022-07-28,01:00:41,2022-07-28 01:00:41,46.982418,-123.980324,1.24,3,345,1.42,-106.0,4.13,1.05,0.0,8,1.94,,0,,34.0,16
89460800120136624465,2022-07-28,00:45:17,2022-07-28 00:45:17,46.982723,-123.980179,1.64,3,0,1.26,-29.0,4.15,1.87,0.0,8,1.91,,0,,35.0,21
89460800120136624465,2022-07-28,00:30:18,2022-07-28 00:30:18,46.982136,-123.979965,1.57,3,0,1.29,-39.0,4.13,2.01,0.0,9,2.17,,0,,35.0,23
89460800120136624465,2022-07-28,00:14:47,2022-07-28 00:14:47,46.982166,-123.979836,1.79,3,15,4.98,36.0,4.14,2.32,0.0,7,2.04,,2,,35.0,12
89460800120136624465,2022-07-27,23:59:25,2022-07-27 23:59:25,46.981686,-123.980179,1.5,3,24,1.86,92.0,4.14,1.45,0.0,10,2.0,,0,,35.0,13
89460800120136624465,2022-07-27,23:44:04,2022-07-27 23:44:04,46.982136,-123.979614,1.21,3,0,1.78,76.0,4.15,0.07,0.0,9,1.3,,0,,34.0,21
89460800120136624465,2022-07-27,23:28:35,2022-07-27 23:28:35,46.981861,-123.97924,1.6,3,342,0.42,44.0,4.14,1.93,0.0,9,1.81,,0,,35.0,15
89460800120136624465,2022-07-27,23:13:12,2022-07-27 23:13:12,46.982327,-123.979599,1.62,3,34,2.45,42.0,4.15,2.17,0.0,7,2.39,,0,,37.0,16
89460800120136624465,2022-07-27,22:57:48,2022-07-27 22:57:48,46.982468,-123.979721,1.33,3,352,4.52,-4.0,4.13,0.1,0.0,8,1.65,,0,,37.0,12
89460800120136624465,2022-07-27,22:42:28,2022-07-27 22:42:28,46.982422,-123.979324,2.11,3,0,6.91,19.0,4.15,0.1,0.0,6,2.52,,0,,36.0,10
89460800120136624465,2022-07-27,22:27:10,2022-07-27 22:27:10,46.982304,-123.979279,1.82,3,3,0.06,14.0,4.13,1.95,0.0,8,2.39,,0,,34.0,13
89460800120136624465,2022-07-27,22:11:49,2022-07-27 22:11:49,46.982414,-123.979248,2.23,3,259,2.28,30.0,4.15,2.33,0.0,7,2.57,,0,,33.0,13
89460800120136624465,2022-07-27,21:56:28,2022-07-27 21:56:28,46.982277,-123.979485,2.22,3,342,3.26,32.0,4.15,4.28,0.0,7,2.41,,0,,31.0,10
89460800120136624465,2022-07-27,21:41:10,2022-07-27 21:41:10,46.982212,-123.980072,1.38,3,0,1.13,28.0,4.15,4.66,0.0,8,1.38,,99,,32.0,7
89460800120136624465,2022-07-27,21:25:55,2022-07-27 21:25:55,46.982079,-123.980461,1.43,3,357,3.46,39.0,4.15,4.9,0.0,8,1.49,,0,,34.0,9
89460800120136624465,2022-07-27,21:10:38,2022-07-27 21:10:38,46.982384,-123.980537,1.33,3,355,3.2,20.0,4.15,4.82,0.0,7,1.6,,0,,36.0,10
89460800120136624465,2022-07-27,20:55:20,2022-07-27 20:55:20,46.982948,-123.98011,1.87,3,24,2.4,-51.0,4.15,5.17,0.0,10,1.89,,59,,36.0,12
89460800120136624465,2022-07-27,20:40:00,2022-07-27 20:40:00,46.982285,-123.980148,1.11,3,359,3.62,8.0,4.15,5.26,0.0,10,1.52,,104,,30.0,12
89460800120136624465,2022-07-27,20:24:40,2022-07-27 20:24:40,46.982491,-123.980476,1.39,3,0,0.51,5.0,4.15,4.49,0.0,9,1.78,,5,,31.0,7
89460800120136624465,2022-07-27,20:09:25,2022-07-27 20:09:25,46.98254,-123.980042,1.11,3,1,3.29,-1.0,4.15,4.49,0.0,11,1.32,,165,,34.0,10
89460800120136624465,2022-07-27,19:54:07,2022-07-27 19:54:07,46.98262,-123.979004,1.79,3,17,5.52,-11.0,4.15,5.38,4.0,7,2.99,,0,,36.0,7
89460800120136624465,2022-07-27,19:38:52,2022-07-27 19:38:52,46.982273,-123.979179,1.34,3,347,1.29,37.0,4.15,5.62,5.0,9,2.54,,140,,35.0,7
89460800120136624465,2022-07-27,19:23:37,2022-07-27 19:23:37,46.9823,-123.978149,0.97,3,333,0.25,-1.0,4.13,5.3,0.0,11,1.51,,50,,36.0,5
89460800120136624465,2022-07-27,19:08:24,2022-07-27 19:08:24,46.982212,-123.978027,0.8,3,142,1.18,50.0,4.13,5.8,7.0,12,1.41,,0,,35.0,5
89460800120136624465,2022-07-27,18:53:11,2022-07-27 18:53:11,46.982227,-123.977829,1.03,3,79,0.39,89.0,4.15,6.12,9.0,12,1.68,,177,,27.0,6
89460800120136624465,2022-07-27,18:37:57,2022-07-27 18:37:57,46.982456,-123.977623,0.98,3,45,0.02,28.0,4.15,5.13,0.0,11,1.92,,3,,27.0,6
89460800120136624465,2022-07-27,18:22:43,2022-07-27 18:22:43,46.982502,-123.977417,0.77,3,0,0.13,55.0,4.15,5.25,1.0,11,1.28,,22,,27.0,6
89460800120136624465,2022-07-27,18:07:29,2022-07-27 18:07:29,46.982479,-123.977486,0.7,3,359,0.07,38.0,4.15,5.01,0.0,12,1.17,,1,,27.0,7
89460800120136624465,2022-07-27,17:52:14,2022-07-27 17:52:14,46.982292,-123.977364,0.88,3,14,0.63,39.0,4.15,5.14,0.0,9,1.51,,2,,26.0,6
89460800120136624465,2022-07-27,17:37:00,2022-07-27 17:37:00,46.982384,-123.977333,0.97,3,341,0.23,14.0,4.14,4.55,0.0,7,1.6,,105,,27.0,5
89460800120136624465,2022-07-27,17:21:47,2022-07-27 17:21:47,46.982265,-123.976723,1.13,3,340,0.43,91.0,4.15,4.28,0.0,10,1.77,,2,,27.0,8
89460800120136624465,2022-07-27,17:06:31,2022-07-27 17:06:31,46.982307,-123.976807,0.94,3,24,0.17,75.0,4.15,4.02,0.0,9,1.65,,0,,27.0,6
89460800120136624465,2022-07-27,16:51:17,2022-07-27 16:51:17,46.98259,-123.976967,0.84,3,0,0.35,97.0,4.13,2.77,0.0,11,1.3,,2,,27.0,9
89460800120136624465,2022-07-27,16:36:00,2022-07-27 16:36:00,46.982384,-123.976898,1.02,3,0,0.34,84.0,4.15,3.76,0.0,12,1.24,,0,,26.0,6
89460800120136624465,2022-07-27,16:20:46,2022-07-27 16:20:46,46.982502,-123.977013,0.83,3,0,0.29,98.0,4.15,3.57,0.0,11,1.15,,0,,26.0,5
89460800120136624465,2022-07-27,16:05:33,2022-07-27 16:05:33,46.982288,-123.97683,1.11,3,340,0.58,82.0,4.13,3.27,0.0,9,1.79,,0,,27.0,6
89460800120136624465,2022-07-27,15:50:19,2022-07-27 15:50:19,46.982456,-123.976929,0.93,3,340,1.62,93.0,4.16,0.4,0.0,10,1.25,,79,,28.0,8
89460800120136624465,2022-07-27,15:35:03,2022-07-27 15:35:03,46.982723,-123.976784,0.77,3,0,0.37,45.0,4.14,3.32,0.0,12,0.93,,2,,29.0,12
89460800120136624465,2022-07-27,15:19:43,2022-07-27 15:19:43,46.98254,-123.976822,0.96,3,83,0.1,31.0,4.15,3.09,0.0,12,1.26,,0,,30.0,6
89460800120136624465,2022-07-27,15:04:29,2022-07-27 15:04:29,46.982628,-123.976952,1.37,3,341,0.41,52.0,4.13,2.23,0.0,11,1.54,,0,,28.0,6
89460800120136624465,2022-07-27,14:49:15,2022-07-27 14:49:15,46.982533,-123.976563,0.82,3,0,0.43,22.0,4.14,1.7,0.0,12,1.17,,0,,30.0,11
89460800120136624465,2022-07-27,14:33:56,2022-07-27 14:33:56,46.982483,-123.976662,0.87,3,0,0.22,44.0,4.16,2.26,0.0,12,1.23,,1,,31.0,13
89460800120136624465,2022-07-27,14:18:35,2022-07-27 14:18:35,46.982719,-123.976776,0.73,3,24,0.54,47.0,4.13,1.61,0.0,12,1.0,,0,,31.0,9
89460800120136624465,2022-07-27,14:03:18,2022-07-27 14:03:18,46.982811,-123.976563,0.8,3,320,1.86,77.0,4.16,1.19,0.0,12,1.15,,0,,30.0,7
89460800120136624465,2022-07-27,13:48:03,2022-07-27 13:48:03,46.982742,-123.976578,0.91,3,165,1.73,66.0,4.15,1.12,0.0,12,1.45,,0,,30.0,10
89460800120136624465,2022-07-27,13:32:45,2022-07-27 13:32:45,46.982548,-123.97644,0.96,3,178,1.88,50.0,4.15,1.19,0.0,12,1.44,,0,,30.0,18
89460800120136624465,2022-07-27,13:17:19,2022-07-27 13:17:19,46.982712,-123.976479,0.87,3,272,4.69,50.0,4.15,1.03,0.0,9,1.37,,12,,29.0,7
89460800120136624465,2022-07-27,13:02:04,2022-07-27 13:02:04,46.983059,-123.976448,1.33,3,277,6.83,90.0,4.15,0.73,0.0,12,1.29,,0,,30.0,6
89460800120136624465,2022-07-27,12:46:50,2022-07-27 12:46:50,46.982655,-123.976326,1.07,3,0,0.93,29.0,4.13,0.49,0.0,8,1.07,,4,,30.0,15
89460800120136624465,2022-07-27,12:31:57,2022-07-27 12:31:57,46.9828,-123.976616,0.74,3,0,0.09,69.0,4.15,0.11,0.0,12,0.97,,0,,31.0,30
89460800120136624465,2022-07-27,12:16:19,2022-07-27 12:16:19,46.98275,-123.976746,0.95,3,0,3.43,47.0,4.16,0.03,0.0,12,1.05,,0,,30.0,10
89460800120136624465,2022-07-27,12:01:01,2022-07-27 12:01:01,46.982765,-123.976532,0.68,3,217,0.89,43.0,4.14,0.03,0.0,12,0.98,,0,,31.0,8
89460800120136624465,2022-07-27,11:45:45,2022-07-27 11:45:45,46.982719,-123.976318,0.89,3,24,2.17,53.0,4.15,0.03,0.0,12,1.08,,0,,31.0,13
89460800120136624465,2022-07-27,11:30:24,2022-07-27 11:30:24,46.982635,-123.976593,0.72,3,0,0.31,99.0,4.16,0.02,0.0,12,1.08,,53,,30.0,15
89460800120136624465,2022-07-27,05:13:24,2022-07-27 05:13:24,46.982243,-123.976486,0.85,3,0,0.17,64.0,4.16,0.03,0.0,10,1.4,,0,,29.0,12
89460800120136624465,2022-07-27,04:58:04,2022-07-27 04:58:04,46.9823,-123.976501,1.12,3,0,1.23,62.0,4.15,0.03,0.0,9,2.54,,0,,29.0,11
89460800120136624465,2022-07-27,04:42:45,2022-07-27 04:42:45,46.982323,-123.976646,0.77,3,0,1.32,146.0,4.15,0.03,0.0,12,1.28,,0,,29.0,9
89460800120136624465,2022-07-27,04:27:28,2022-07-27 04:27:28,46.982628,-123.976822,0.86,3,322,2.03,197.0,4.15,0.03,0.0,10,1.49,,0,,28.0,12
89460800120136624465,2022-07-27,04:12:08,2022-07-27 04:12:08,46.982407,-123.976639,0.78,3,73,0.84,91.0,4.16,0.08,0.0,12,1.17,,2,,28.0,20
89460800120136624465,2022-07-27,03:56:40,2022-07-27 03:56:40,46.982346,-123.976761,0.93,3,3,0.28,77.0,4.16,0.73,0.0,12,1.15,,88,,26.0,6
89460800120136624465,2022-07-27,03:41:26,2022-07-27 03:41:26,46.982307,-123.97657,0.8,3,152,1.78,131.0,4.16,2.35,0.0,11,1.24,,4,,24.0,5
89460800120136624465,2022-07-27,03:26:13,2022-07-27 03:26:13,46.982357,-123.976837,0.79,3,22,0.98,135.0,4.14,2.93,0.0,12,1.38,,444,,24.0,5
89460800120136624465,2022-07-27,03:11:30,2022-07-27 03:11:30,46.982609,-123.974686,1.18,3,183,2.21,128.0,4.15,3.7,0.0,12,1.61,,104,,30.0,29
89460800120136624465,2022-07-27,00:39:49,2022-07-27 00:39:49,46.982906,-123.974716,1.32,3,92,0.03,106.0,4.18,5.44,9.0,12,1.71,,0,,36.0,5
89460800120136624465,2022-07-27,00:24:36,2022-07-27 00:24:36,46.982979,-123.974487,1.1,3,11,0.55,69.0,4.18,5.42,15.0,12,1.45,,0,,43.0,5
89460800120136624465,2022-07-27,00:09:23,2022-07-27 00:09:23,46.982918,-123.974442,0.95,3,88,0.28,86.0,4.17,5.56,27.0,12,1.22,,2,,44.0,5
89460800120136624465,2022-07-26,23:54:08,2022-07-26 23:54:08,46.98304,-123.974342,0.9,3,0,0.04,65.0,4.18,5.56,29.0,12,1.11,,0,,46.0,6
89460800120136624465,2022-07-26,23:38:54,2022-07-26 23:38:54,46.983055,-123.97448,1.49,3,0,0.09,28.0,4.16,5.57,31.0,12,2.5,,0,,46.0,8
89460800120136624465,2022-07-26,23:23:38,2022-07-26 23:23:38,46.982979,-123.974419,1.19,3,260,0.14,17.0,4.18,5.54,33.0,9,2.23,,0,,46.0,6
89460800120136624465,2022-07-26,23:08:24,2022-07-26 23:08:24,46.983047,-123.974266,2.02,3,282,0.16,22.0,4.18,5.57,36.0,10,4.74,,0,,47.0,8
89460800120136624465,2022-07-26,22:53:08,2022-07-26 22:53:08,46.983116,-123.974403,0.89,3,0,0.12,53.0,4.17,5.56,37.0,11,1.45,,0,,47.0,6
89460800120136624465,2022-07-26,22:37:54,2022-07-26 22:37:54,46.983112,-123.974533,0.86,3,0,0.11,94.0,4.18,5.62,40.0,11,1.42,,0,,47.0,6
89460800120136624465,2022-07-26,22:22:40,2022-07-26 22:22:40,46.983139,-123.974434,0.93,3,0,0.05,60.0,4.18,5.6,41.0,10,1.41,,0,,47.0,5
89460800120136624465,2022-07-26,22:07:27,2022-07-26 22:07:27,46.983082,-123.974289,1.31,3,125,0.1,43.0,4.16,5.62,43.0,11,1.84,,0,,45.0,6
89460800120136624465,2022-07-26,21:52:13,2022-07-26 21:52:13,46.983025,-123.974434,0.89,3,129,0.57,35.0,4.17,5.65,44.0,12,1.09,,0,,45.0,5
89460800120136624465,2022-07-26,21:37:00,2022-07-26 21:37:00,46.983059,-123.974304,1.12,3,0,0.15,55.0,4.16,5.66,45.0,11,1.5,,0,,46.0,6
89460800120136624465,2022-07-26,21:21:46,2022-07-26 21:21:46,46.982777,-123.974197,1.97,3,312,0.25,101.0,4.16,5.64,46.0,9,3.01,,0,,45.0,6
89460800120136624465,2022-07-26,21:06:32,2022-07-26 21:06:32,46.982838,-123.97448,1.11,3,353,0.05,59.0,4.17,5.65,47.0,12,1.35,,0,,44.0,6
89460800120136624465,2022-07-26,20:51:18,2022-07-26 20:51:18,46.982861,-123.974533,1.07,3,134,0.02,45.0,4.17,5.66,47.0,11,1.43,,0,,44.0,6
89460800120136624465,2022-07-26,20:36:04,2022-07-26 20:36:04,46.982738,-123.974495,1.04,3,13,0.23,55.0,4.17,5.69,48.0,12,1.55,,0,,44.0,6
89460800120136624465,2022-07-26,20:20:50,2022-07-26 20:20:50,46.983002,-123.974594,1.29,3,51,0.06,42.0,4.16,5.66,47.0,11,1.77,,0,,44.0,5
89460800120136624465,2022-07-26,20:05:37,2022-07-26 20:05:37,46.983078,-123.974594,1.04,3,32,0.23,19.0,4.17,5.69,47.0,10,2.04,,0,,42.0,5
89460800120136624465,2022-07-26,19:50:24,2022-07-26 19:50:24,46.982944,-123.974678,1.28,3,0,0.25,57.0,4.17,5.72,47.0,10,2.58,,0,,42.0,5
89460800120136624465,2022-07-26,19:35:11,2022-07-26 19:35:11,46.982971,-123.974533,0.88,3,12,0.67,61.0,4.17,5.75,46.0,11,1.63,,0,,42.0,6
89460800120136624465,2022-07-26,19:19:56,2022-07-26 19:19:56,46.982868,-123.974663,0.93,3,0,0.37,75.0,4.17,5.73,45.0,11,1.64,,0,,42.0,6
89460800120136624465,2022-07-26,19:04:42,2022-07-26 19:04:42,46.982731,-123.974724,0.82,3,18,0.3,87.0,4.16,5.68,44.0,12,1.28,,0,,43.0,6
89460800120136624465,2022-07-26,18:49:28,2022-07-26 18:49:28,46.982719,-123.974632,1.1,3,0,0.22,68.0,4.16,5.68,42.0,10,1.51,,0,,43.0,6
89460800120136624465,2022-07-26,18:34:14,2022-07-26 18:34:14,46.98278,-123.97467,0.78,3,0,0.16,78.0,4.17,5.64,41.0,12,1.18,,0,,44.0,5
89460800120136624465,2022-07-26,18:19:01,2022-07-26 18:19:01,46.982666,-123.974579,1.21,3,358,0.6,119.0,4.16,5.63,39.0,9,1.87,,0,,44.0,6
89460800120136624465,2022-07-26,18:03:47,2022-07-26 18:03:47,46.982788,-123.974586,1.1,3,315,0.16,94.0,4.15,5.62,37.0,10,1.53,,0,,43.0,6
89460800120136624465,2022-07-26,17:48:33,2022-07-26 17:48:33,46.982666,-123.974648,0.89,3,251,0.53,69.0,4.16,5.64,35.0,10,1.33,,0,,42.0,5
89460800120136624465,2022-07-26,17:33:20,2022-07-26 17:33:20,46.982658,-123.974663,1.09,3,23,0.55,75.0,4.16,5.64,32.0,11,1.66,,0,,42.0,5
89460800120136624465,2022-07-26,17:18:07,2022-07-26 17:18:07,46.982708,-123.974716,0.97,3,2,0.27,88.0,4.16,5.58,30.0,11,1.66,,0,,42.0,5
89460800120136624465,2022-07-26,17:02:54,2022-07-26 17:02:54,46.982819,-123.974678,1.27,3,14,0.28,95.0,4.15,5.59,27.0,11,1.99,,0,,41.0,5
89460800120136624465,2022-07-26,16:47:41,2022-07-26 16:47:41,46.982887,-123.974655,0.76,3,341,0.91,92.0,4.17,5.57,25.0,12,1.17,,0,,39.0,5
89460800120136624465,2022-07-26,16:32:28,2022-07-26 16:32:28,46.982777,-123.974525,1.45,3,342,0.11,72.0,4.15,5.59,22.0,11,2.56,,0,,37.0,5
89460800120136624465,2022-07-26,16:17:15,2022-07-26 16:17:15,46.982754,-123.974792,1.12,3,334,2.51,90.0,4.14,5.61,19.0,12,1.9,,0,,36.0,6
89460800120136624465,2022-07-26,16:02:01,2022-07-26 16:02:01,46.982533,-123.974846,1.44,3,336,0.47,118.0,4.15,5.57,16.0,11,1.9,,0,,34.0,5
89460800120136624465,2022-07-26,15:46:48,2022-07-26 15:46:48,46.982265,-123.975204,1.64,3,0,0.1,148.0,4.14,5.56,14.0,10,1.98,,0,,31.0,5
89460800120136624465,2022-07-26,15:31:35,2022-07-26 15:31:35,46.982285,-123.975174,1.7,3,37,0.04,134.0,4.13,5.51,11.0,11,1.82,,0,,30.0,5
89460800120136624465,2022-07-26,15:16:22,2022-07-26 15:16:22,46.982319,-123.975243,1.01,3,0,0.66,115.0,4.13,5.43,8.0,12,1.07,,0,,27.0,6
89460800120136624465,2022-07-26,15:01:08,2022-07-26 15:01:08,46.982605,-123.975159,1.13,3,39,1.2,83.0,4.13,5.43,6.0,11,1.45,,0,,21.0,5
89460800120136624465,2022-07-26,14:45:55,2022-07-26 14:45:55,46.982883,-123.974899,1.23,3,4,1.76,64.0,4.13,5.11,0.0,11,1.4,,0,,18.0,6
89460800120136624465,2022-07-26,14:30:41,2022-07-26 14:30:41,46.982906,-123.974838,0.97,3,357,2.01,58.0,4.13,5.09,0.0,11,1.44,,0,,18.0,5
89460800120136624465,2022-07-26,14:15:28,2022-07-26 14:15:28,46.983147,-123.974983,1.29,3,336,0.02,1.0,4.11,5.05,0.0,10,1.64,,0,,17.0,5
89460800120136624465,2022-07-26,14:00:15,2022-07-26 14:00:15,46.983238,-123.974609,1.3,3,0,0.92,-36.0,4.13,5.01,0.0,11,4.13,,0,,17.0,9
89460800120136624465,2022-07-26,13:44:58,2022-07-26 13:44:58,46.983185,-123.974419,1.24,3,0,0.27,9.0,4.13,4.93,0.0,11,2.13,,0,,17.0,6
89460800120136624465,2022-07-26,13:29:44,2022-07-26 13:29:44,46.98312,-123.974327,1.19,3,0,0.12,8.0,4.13,4.81,0.0,11,2.09,,0,,16.0,5
89460800120136624465,2022-07-26,13:14:31,2022-07-26 13:14:31,46.983047,-123.97438,1.01,3,0,1.13,71.0,4.11,4.6,0.0,12,1.86,,0,,17.0,5
89460800120136624465,2022-07-26,12:59:18,2022-07-26 12:59:18,46.9832,-123.974152,1.08,3,13,0.69,-3.0,4.13,3.87,0.0,10,1.79,,0,,18.0,8
89460800120136624465,2022-07-26,12:44:32,2022-07-26 12:44:32,46.982903,-123.974281,2.02,3,4,0.33,9.0,4.12,3.06,0.0,8,2.42,,0,,19.0,36
89460800120136624465,2022-07-26,00:07:13,2022-07-26 00:07:13,46.982922,-123.974541,0.76,3,0,0.25,61.0,4.17,5.64,37.0,12,1.01,,2,,46.0,6
89460800120136624465,2022-07-25,23:51:58,2022-07-25 23:51:58,46.982994,-123.974663,1.12,3,0,0.14,46.0,4.18,5.64,39.0,11,1.19,,0,,46.0,5
89460800120136624465,2022-07-25,23:36:45,2022-07-25 23:36:45,46.982937,-123.974571,1.13,3,323,0.1,23.0,4.18,5.65,41.0,10,1.64,,0,,45.0,5
89460800120136624465,2022-07-25,23:21:32,2022-07-25 23:21:32,46.98299,-123.974472,1.02,3,334,0.06,11.0,4.16,5.69,43.0,10,1.77,,0,,45.0,5
89460800120136624465,2022-07-25,23:06:19,2022-07-25 23:06:19,46.983017,-123.974373,1.23,3,329,0.06,13.0,4.18,5.66,44.0,10,2.25,,0,,46.0,5
89460800120136624465,2022-07-25,22:51:06,2022-07-25 22:51:06,46.982975,-123.974297,1.08,3,31,0.29,41.0,4.15,5.68,45.0,11,1.98,,0,,45.0,5
89460800120136624465,2022-07-25,22:35:53,2022-07-25 22:35:53,46.982887,-123.974251,0.93,3,0,0.17,67.0,4.17,5.66,46.0,10,1.42,,0,,46.0,5
89460800120136624465,2022-07-25,22:20:40,2022-07-25 22:20:40,46.982872,-123.974335,0.87,3,0,0.15,87.0,4.17,5.69,47.0,12,1.15,,0,,46.0,6
89460800120136624465,2022-07-25,22:05:26,2022-07-25 22:05:26,46.983025,-123.974533,0.95,3,26,0.17,78.0,4.17,5.51,27.0,12,1.22,,0,,46.0,5
89460800120136624465,2022-07-25,21:50:13,2022-07-25 21:50:13,46.983265,-123.974434,1.57,3,19,0.24,0.0,4.18,5.54,29.0,12,1.76,,0,,45.0,5
89460800120136624465,2022-07-25,21:35:00,2022-07-25 21:35:00,46.983002,-123.974655,1.1,3,0,0.11,69.0,4.18,5.53,32.0,11,1.21,,0,,47.0,5
89460800120136624465,2022-07-25,21:19:47,2022-07-25 21:19:47,46.983101,-123.974701,1.76,3,345,0.09,53.0,4.17,5.52,34.0,9,2.42,,0,,48.0,8
89460800120136624465,2022-07-25,21:04:31,2022-07-25 21:04:31,46.9828,-123.974655,1.14,3,0,1.25,69.0,4.17,5.52,36.0,12,1.48,,0,,48.0,5
89460800120136624465,2022-07-25,20:49:18,2022-07-25 20:49:18,46.982792,-123.974617,1.0,3,325,0.14,54.0,4.16,5.55,38.0,12,1.51,,0,,47.0,5
89460800120136624465,2022-07-25,20:34:05,2022-07-25 20:34:05,46.982765,-123.974678,1.04,3,282,0.08,77.0,4.17,5.61,40.0,12,1.67,,0,,46.0,5
89460800120136624465,2022-07-25,20:18:52,2022-07-25 20:18:52,46.982788,-123.974632,1.24,3,0,0.01,39.0,4.17,5.57,41.0,11,2.25,,0,,49.0,5
89460800120136624465,2022-07-25,20:03:39,2022-07-25 20:03:39,46.982666,-123.974739,1.36,3,0,0.04,44.0,4.17,5.48,42.0,10,2.62,,0,,54.0,5
89460800120136624465,2022-07-25,19:48:26,2022-07-25 19:48:26,46.98278,-123.974632,1.36,3,0,0.05,38.0,4.17,5.45,43.0,10,3.01,,0,,55.0,5
89460800120136624465,2022-07-25,19:33:13,2022-07-25 19:33:13,46.982738,-123.974716,0.92,3,0,0.06,61.0,4.17,5.44,43.0,12,1.63,,0,,55.0,6
89460800120136624465,2022-07-25,19:18:06,2022-07-25 19:18:06,46.982887,-123.974724,0.87,3,0,0.05,68.0,4.16,5.46,44.0,12,1.27,,0,,52.0,5
89460800120136624465,2022-07-25,19:02:53,2022-07-25 19:02:53,46.982922,-123.97467,0.88,3,20,0.06,73.0,4.15,5.55,46.0,12,1.44,,0,,48.0,5
89460800120136624465,2022-07-25,18:47:40,2022-07-25 18:47:40,46.982868,-123.974663,0.74,3,0,0.08,95.0,4.17,5.62,47.0,12,1.14,,0,,48.0,5
89460800120136624465,2022-07-25,18:32:27,2022-07-25 18:32:27,46.982826,-123.974663,0.83,3,8,0.3,89.0,4.15,5.64,47.0,12,1.31,,0,,48.0,5
89460800120136624465,2022-07-25,18:17:14,2022-07-25 18:17:14,46.982826,-123.974625,0.84,3,358,0.07,79.0,4.17,5.58,47.0,12,1.28,,0,,48.0,5
89460800120136624465,2022-07-25,18:02:01,2022-07-25 18:02:01,46.982803,-123.974747,0.72,3,20,0.17,70.0,4.17,5.6,46.0,12,1.01,,0,,47.0,5
89460800120136624465,2022-07-25,17:46:48,2022-07-25 17:46:48,46.982815,-123.974731,0.99,3,0,0.19,67.0,4.17,5.65,46.0,12,1.48,,0,,46.0,5
89460800120136624465,2022-07-25,17:31:35,2022-07-25 17:31:35,46.982811,-123.974831,0.82,3,0,0.07,87.0,4.17,5.65,46.0,12,1.47,,0,,45.0,5
89460800120136624465,2022-07-25,17:16:22,2022-07-25 17:16:22,46.98296,-123.974731,0.9,3,59,0.08,81.0,4.15,5.6,45.0,12,1.6,,0,,45.0,5
89460800120136624465,2022-07-25,17:01:09,2022-07-25 17:01:09,46.982887,-123.974823,0.78,3,213,0.09,91.0,4.15,5.63,44.0,12,1.38,,0,,43.0,5
89460800120136624465,2022-07-25,16:45:56,2022-07-25 16:45:56,46.982845,-123.974777,0.85,3,319,0.05,99.0,4.17,5.67,44.0,12,1.29,,0,,42.0,5
89460800120136624465,2022-07-25,16:30:43,2022-07-25 16:30:43,46.982899,-123.974777,0.97,3,0,0.13,64.0,4.14,5.66,42.0,12,1.62,,0,,40.0,6
89460800120136624465,2022-07-25,16:15:29,2022-07-25 16:15:29,46.982887,-123.974785,1.01,3,0,0.07,77.0,4.17,5.69,41.0,12,1.39,,0,,39.0,5
89460800120136624465,2022-07-25,16:00:16,2022-07-25 16:00:16,46.983059,-123.974678,1.17,3,325,0.13,53.0,4.17,5.69,39.0,11,1.51,,0,,37.0,4
89460800120136624465,2022-07-25,15:45:04,2022-07-25 15:45:04,46.98315,-123.974564,1.47,3,289,0.06,26.0,4.17,5.73,37.0,11,1.94,,0,,35.0,5
89460800120136624465,2022-07-25,15:29:51,2022-07-25 15:29:51,46.983036,-123.974556,1.64,3,252,0.04,23.0,4.16,5.75,35.0,12,1.96,,0,,33.0,5
89460800120136624465,2022-07-25,15:14:38,2022-07-25 15:14:38,46.982952,-123.974609,1.34,3,0,1.26,29.0,4.16,5.79,33.0,12,1.65,,0,,30.0,5
89460800120136624465,2022-07-25,14:59:25,2022-07-25 14:59:25,46.982838,-123.974747,0.87,3,307,0.69,59.0,4.15,5.87,30.0,12,1.15,,0,,23.0,5
89460800120136624465,2022-07-25,14:44:12,2022-07-25 14:44:12,46.982979,-123.974503,0.97,3,19,0.12,32.0,4.13,5.19,0.0,12,1.51,,0,,16.0,5
89460800120136624465,2022-07-25,14:28:59,2022-07-25 14:28:59,46.983017,-123.974693,1.47,3,292,0.23,45.0,4.13,5.16,0.0,11,2.04,,0,,16.0,5
89460800120136624465,2022-07-25,14:13:46,2022-07-25 14:13:46,46.983017,-123.974632,1.41,3,4,0.72,74.0,4.14,5.12,0.0,9,2.95,,0,,17.0,8
89460800120136624465,2022-07-25,13:58:30,2022-07-25 13:58:30,46.982944,-123.974663,1.11,3,346,1.86,60.0,4.12,4.91,0.0,10,1.27,,0,,22.0,6
89460800120136624465,2022-07-25,02:23:12,2022-07-25 02:23:12,46.982944,-123.974922,1.02,3,0,0.13,51.0,4.18,5.03,0.0,10,1.66,,0,,20.0,5
89460800120136624465,2022-07-25,02:07:59,2022-07-25 02:07:59,46.983025,-123.974792,1.28,3,33,0.66,5.0,4.18,5.06,0.0,9,5.26,,0,,22.0,6
89460800120136624465,2022-07-25,01:52:45,2022-07-25 01:52:45,46.983006,-123.974869,1.25,3,4,0.18,88.0,4.18,5.07,0.0,9,1.69,,0,,28.0,4
89460800120136624465,2022-07-25,01:37:33,2022-07-25 01:37:33,46.982922,-123.974731,1.51,3,352,0.79,99.0,4.18,5.34,7.0,10,3.46,,0,,39.0,6
89460800120136624465,2022-07-25,01:22:19,2022-07-25 01:22:19,46.982899,-123.974716,1.36,3,191,0.63,89.0,4.17,5.43,11.0,10,2.11,,0,,39.0,5
89460800120136624465,2022-07-25,01:07:06,2022-07-25 01:07:06,46.982876,-123.974701,1.1,3,342,0.73,44.0,4.16,5.46,14.0,11,1.54,,0,,41.0,5
89460800120136624465,2022-07-25,00:51:53,2022-07-25 00:51:53,46.982925,-123.974678,1.28,3,356,0.5,30.0,4.18,5.48,17.0,9,2.02,,0,,42.0,4
89460800120136624465,2022-07-25,00:36:41,2022-07-25 00:36:41,46.982838,-123.974579,1.2,3,346,0.88,69.0,4.16,5.54,20.0,10,1.82,,0,,43.0,5
89460800120136624465,2022-07-25,00:21:28,2022-07-25 00:21:28,46.982822,-123.974617,1.14,3,352,0.44,72.0,4.18,5.56,23.0,10,1.54,,0,,43.0,4
89460800120136624465,2022-07-25,00:06:16,2022-07-25 00:06:16,46.982822,-123.974525,0.89,3,190,0.99,68.0,4.17,5.59,25.0,11,1.11,,2,,43.0,6
89460800120136624465,2022-07-24,23:51:01,2022-07-24 23:51:01,46.982849,-123.974388,1.27,3,336,0.15,74.0,4.17,5.62,28.0,10,1.6,,0,,44.0,5
89460800120136624465,2022-07-24,23:35:48,2022-07-24 23:35:48,46.982906,-123.974167,1.6,3,0,0.2,19.0,4.17,5.59,30.0,8,3.26,,0,,46.0,5
89460800120136624465,2022-07-24,23:20:35,2022-07-24 23:20:35,46.982971,-123.974258,1.17,3,0,0.16,31.0,4.17,5.61,33.0,11,1.34,,0,,48.0,6
89460800120136624465,2022-07-24,23:05:21,2022-07-24 23:05:21,46.983074,-123.974358,1.19,3,278,0.11,33.0,4.16,5.52,35.0,11,1.65,,0,,48.0,5
89460800120136624465,2022-07-24,22:50:08,2022-07-24 22:50:08,46.983116,-123.974541,0.97,3,0,0.02,41.0,4.17,5.61,37.0,11,1.48,,0,,46.0,6
89460800120136624465,2022-07-24,22:34:54,2022-07-24 22:34:54,46.982906,-123.974373,1.24,3,9,0.23,77.0,4.17,5.63,39.0,10,1.92,,0,,46.0,5
89460800120136624465,2022-07-24,22:19:41,2022-07-24 22:19:41,46.982868,-123.974487,0.97,3,0,0.13,81.0,4.17,5.67,41.0,11,1.35,,0,,45.0,5
89460800120136624465,2022-07-24,22:04:28,2022-07-24 22:04:28,46.982494,-123.974304,1.79,3,0,0.07,152.0,4.17,5.63,42.0,9,3.1,,0,,46.0,5
89460800120136624465,2022-07-24,21:49:15,2022-07-24 21:49:15,46.982651,-123.974449,1.11,3,0,0.36,142.0,4.15,5.69,44.0,12,1.59,,0,,45.0,6
89460800120136624465,2022-07-24,21:34:01,2022-07-24 21:34:01,46.982643,-123.974594,1.56,3,0,0.08,116.0,4.16,5.74,45.0,8,2.46,,0,,43.0,6
89460800120136624465,2022-07-24,21:18:47,2022-07-24 21:18:47,46.982903,-123.974655,1.09,3,0,0.32,81.0,4.17,5.71,46.0,10,1.47,,1,,43.0,7
89460800120136624465,2022-07-24,21:03:32,2022-07-24 21:03:32,46.982708,-123.974648,1.01,3,0,0.07,66.0,4.15,5.7,48.0,12,1.23,,0,,44.0,5
89460800120136624465,2022-07-24,20:48:19,2022-07-24 20:48:19,46.982723,-123.974701,1.17,3,17,0.39,51.0,4.16,5.68,47.0,11,1.55,,0,,45.0,6
89460800120136624465,2022-07-24,20:33:05,2022-07-24 20:33:05,46.982944,-123.974602,1.19,3,359,0.21,28.0,4.15,5.67,48.0,11,2.0,,0,,44.0,5
89460800120136624465,2022-07-24,20:17:52,2022-07-24 20:17:52,46.982803,-123.974602,1.15,3,49,0.06,60.0,4.17,5.74,49.0,12,2.06,,0,,42.0,5
89460800120136624465,2022-07-24,20:02:39,2022-07-24 20:02:39,46.982967,-123.974693,1.1,3,353,0.08,23.0,4.16,5.77,49.0,11,2.42,,0,,42.0,5
89460800120136624465,2022-07-24,19:47:26,2022-07-24 19:47:26,46.982914,-123.97467,1.18,3,351,0.44,48.0,4.15,5.74,48.0,10,2.44,,0,,43.0,5
89460800120136624465,2022-07-24,19:32:13,2022-07-24 19:32:13,46.982986,-123.974648,0.8,3,359,0.22,43.0,4.16,5.74,47.0,12,1.25,,0,,45.0,5
89460800120136624465,2022-07-24,19:16:01,2022-07-24 19:16:01,46.983086,-123.974686,1.02,3,23,0.11,35.0,4.15,5.78,47.0,12,1.47,,0,,41.0,6
89460800120136624465,2022-07-24,19:00:47,2022-07-24 19:00:47,46.983006,-123.974655,1.07,3,0,0.03,49.0,4.17,5.76,46.0,11,1.72,,0,,40.0,5
89460800120136624465,2022-07-24,18:45:34,2022-07-24 18:45:34,46.982822,-123.9748,0.92,3,335,0.49,77.0,4.17,5.73,45.0,12,1.5,,0,,39.0,5
89460800120136624465,2022-07-24,18:30:21,2022-07-24 18:30:21,46.982788,-123.974899,0.78,3,321,0.36,84.0,4.16,5.74,35.0,12,1.24,,0,,36.0,5
89460800120136624465,2022-07-24,18:15:08,2022-07-24 18:15:08,46.982826,-123.974884,0.91,3,17,0.71,86.0,4.17,5.75,28.0,12,1.31,,0,,34.0,5
89460800120136624465,2022-07-24,17:59:55,2022-07-24 17:59:55,46.982861,-123.974731,0.75,3,0,0.81,62.0,4.17,5.86,37.0,12,1.18,,0,,34.0,5
89460800120136624465,2022-07-24,17:44:42,2022-07-24 17:44:42,46.982952,-123.974655,1.09,3,357,0.47,65.0,4.15,5.79,31.0,12,1.49,,0,,35.0,5
89460800120136624465,2022-07-24,17:29:29,2022-07-24 17:29:29,46.98307,-123.974594,1.11,3,7,0.65,45.0,4.16,5.77,27.0,10,2.43,,0,,34.0,4
89460800120136624465,2022-07-24,17:14:17,2022-07-24 17:14:17,46.983017,-123.974625,1.22,3,5,0.14,49.0,4.15,5.74,26.0,10,1.89,,0,,34.0,4
89460800120136624465,2022-07-24,16:59:05,2022-07-24 16:59:05,46.982956,-123.974823,1.02,3,0,0.28,44.0,4.16,5.86,40.0,12,1.68,,0,,29.0,5
89460800120136624465,2022-07-24,16:43:52,2022-07-24 16:43:52,46.982979,-123.974907,1.32,3,0,0.1,19.0,4.17,5.8,18.0,12,2.87,,0,,24.0,4
89460800120136624465,2022-07-24,16:28:40,2022-07-24 16:28:40,46.982895,-123.974846,1.29,3,336,0.3,67.0,4.16,5.57,8.0,12,2.68,,0,,22.0,5
89460800120136624465,2022-07-24,16:13:27,2022-07-24 16:13:27,46.982948,-123.974907,1.05,3,254,0.76,51.0,4.15,5.63,8.0,12,1.68,,0,,21.0,5
89460800120136624465,2022-07-24,15:58:14,2022-07-24 15:58:14,46.982922,-123.974777,1.02,3,343,0.13,70.0,4.15,5.61,7.0,12,1.22,,0,,20.0,5
89460800120136624465,2022-07-24,15:43:01,2022-07-24 15:43:01,46.982914,-123.97477,1.37,3,0,0.34,54.0,4.15,5.59,6.0,12,1.61,,0,,19.0,5
89460800120136624465,2022-07-24,15:27:48,2022-07-24 15:27:48,46.982811,-123.974922,1.02,3,38,0.02,69.0,4.15,5.58,6.0,12,1.25,,0,,19.0,4
89460800120136624465,2022-07-24,15:12:36,2022-07-24 15:12:36,46.982742,-123.974854,1.68,3,335,1.5,76.0,4.14,5.61,6.0,12,1.74,,0,,18.0,5
89460800120136624465,2022-07-24,14:57:23,2022-07-24 14:57:23,46.982769,-123.974892,1.45,3,278,1.32,64.0,4.14,5.54,4.0,12,1.47,,0,,17.0,5
89460800120136624465,2022-07-24,14:42:10,2022-07-24 14:42:10,46.983025,-123.974785,1.23,3,2,2.44,36.0,4.14,5.47,3.0,12,1.67,,0,,16.0,5
89460800120136624465,2022-07-24,14:26:57,2022-07-24 14:26:57,46.982948,-123.974777,1.23,3,0,0.5,41.0,4.12,5.35,0.0,11,1.64,,0,,18.0,5
89460800120136624465,2022-07-24,14:12:15,2022-07-24 14:12:15,46.982975,-123.974731,1.14,3,0,0.35,42.0,4.14,5.12,0.0,11,2.0,,9,,23.0,38
89460800120136624465,2022-07-24,03:38:56,2022-07-24 03:38:56,46.982746,-123.974861,1.18,3,359,1.88,94.0,4.17,4.3,0.0,7,1.67,,0,,15.0,4
89460800120136624465,2022-07-24,03:23:44,2022-07-24 03:23:44,46.982857,-123.974831,1.11,3,0,1.16,84.0,4.16,4.64,0.0,8,1.71,,0,,15.0,5
89460800120136624465,2022-07-24,03:08:31,2022-07-24 03:08:31,46.982853,-123.974815,1.2,3,30,1.61,87.0,4.17,4.83,0.0,7,1.76,,0,,17.0,5
89460800120136624465,2022-07-24,02:53:18,2022-07-24 02:53:18,46.982975,-123.974854,1.1,3,0,0.47,61.0,4.16,5.27,1.0,8,1.34,,0,,18.0,8
89460800120136624465,2022-07-24,02:38:02,2022-07-24 02:38:02,46.983013,-123.974922,2.38,3,0,0.15,44.0,4.15,5.33,2.0,5,3.73,,0,,19.0,6
89460800120136624465,2022-07-24,02:22:48,2022-07-24 02:22:48,46.983009,-123.974922,1.11,3,0,0.35,35.0,4.17,5.38,2.0,7,1.31,,0,,19.0,6
89460800120136624465,2022-07-24,02:07:34,2022-07-24 02:07:34,46.982922,-123.974876,1.4,3,0,0.61,72.0,4.16,5.3,2.0,7,2.27,,0,,21.0,5
89460800120136624465,2022-07-24,01:52:21,2022-07-24 01:52:21,46.982967,-123.974854,1.32,3,2,0.58,38.0,4.17,5.29,2.0,7,1.89,,0,,26.0,7
89460800120136624465,2022-07-24,01:37:06,2022-07-24 01:37:06,46.983067,-123.97477,1.35,3,0,0.25,22.0,4.16,5.91,32.0,7,1.91,,0,,30.0,5
89460800120136624465,2022-07-24,01:21:53,2022-07-24 01:21:53,46.983044,-123.974709,1.39,3,9,0.33,49.0,4.16,6.02,37.0,7,1.85,,0,,30.0,6
89460800120136624465,2022-07-24,01:06:39,2022-07-24 01:06:39,46.983002,-123.974663,1.42,3,0,0.45,52.0,4.17,5.62,14.0,7,1.74,,0,,33.0,5
89460800120136624465,2022-07-24,00:51:26,2022-07-24 00:51:26,46.983047,-123.974594,1.6,3,298,0.9,46.0,4.17,5.45,10.0,6,2.6,,0,,37.0,4
89460800120136624465,2022-07-24,00:36:14,2022-07-24 00:36:14,46.983009,-123.974686,1.37,3,339,0.75,43.0,4.17,5.58,21.0,7,1.99,,0,,40.0,5
89460800120136624465,2022-07-24,00:21:01,2022-07-24 00:21:01,46.982986,-123.974617,1.02,3,12,0.72,54.0,4.17,5.35,9.0,9,1.33,,0,,39.0,5
89460800120136624465,2022-07-24,00:05:48,2022-07-24 00:05:48,46.982983,-123.974693,0.96,3,0,0.63,51.0,4.16,5.65,24.0,9,1.31,,2,,40.0,6
89460800120136624465,2022-07-23,23:50:33,2022-07-23 23:50:33,46.982979,-123.97451,1.67,3,0,0.58,14.0,4.17,5.55,24.0,6,2.94,,0,,44.0,8
89460800120136624465,2022-07-23,23:35:18,2022-07-23 23:35:18,46.982964,-123.974533,1.21,3,333,0.2,35.0,4.17,5.7,33.0,7,2.18,,0,,43.0,7
89460800120136624465,2022-07-23,23:20:04,2022-07-23 23:20:04,46.983032,-123.974617,1.18,3,0,0.25,47.0,4.17,5.53,30.0,7,2.72,,0,,46.0,8
89460800120136624465,2022-07-23,23:04:49,2022-07-23 23:04:49,46.983105,-123.974686,1.22,3,0,0.15,41.0,4.17,5.59,36.0,7,1.69,,0,,46.0,6
89460800120136624465,2022-07-23,22:49:36,2022-07-23 22:49:36,46.98312,-123.974579,1.46,3,0,0.18,33.0,4.16,5.68,41.0,6,2.25,,0,,45.0,5
89460800120136624465,2022-07-23,22:34:23,2022-07-23 22:34:23,46.983044,-123.974602,1.25,3,0,0.2,51.0,4.17,5.55,30.0,7,2.25,,0,,43.0,6
89460800120136624465,2022-07-23,22:19:10,2022-07-23 22:19:10,46.983006,-123.974609,1.26,3,0,0.08,62.0,4.16,5.57,25.0,9,2.08,,0,,43.0,6
89460800120136624465,2022-07-23,22:03:56,2022-07-23 22:03:56,46.983067,-123.974632,1.25,3,0,0.28,47.0,4.16,5.57,35.0,8,1.67,,0,,44.0,7
89460800120136624465,2022-07-23,21:48:42,2022-07-23 21:48:42,46.982754,-123.974556,1.07,3,0,0.89,115.0,4.17,5.63,44.0,7,1.66,,0,,45.0,10
89460800120136624465,2022-07-23,21:33:25,2022-07-23 21:33:25,46.982853,-123.974632,1.26,3,43,0.16,80.0,4.16,5.55,36.0,7,1.6,,0,,45.0,8
89460800120136624465,2022-07-23,21:18:10,2022-07-23 21:18:10,46.982628,-123.974617,1.33,3,33,0.61,88.0,4.17,5.57,35.0,8,1.66,,0,,43.0,6
89460800120136624465,2022-07-23,21:02:56,2022-07-23 21:02:56,46.982761,-123.974602,1.32,3,22,0.59,68.0,4.17,5.6,28.0,7,1.84,,0,,41.0,12
89460800120136624465,2022-07-23,20:47:37,2022-07-23 20:47:37,46.98278,-123.974617,1.21,3,0,0.46,72.0,4.15,5.61,30.0,8,1.81,,0,,41.0,7
89460800120136624465,2022-07-23,20:32:23,2022-07-23 20:32:23,46.982822,-123.974648,1.55,3,343,0.38,57.0,4.17,5.76,38.0,7,2.2,,0,,40.0,6
89460800120136624465,2022-07-23,20:17:09,2022-07-23 20:17:09,46.982788,-123.97467,1.12,3,0,0.11,68.0,4.17,5.62,32.0,8,2.08,,0,,42.0,7
89460800120136624465,2022-07-23,20:01:55,2022-07-23 20:01:55,46.982838,-123.97477,1.09,3,0,0.31,70.0,4.16,5.5,31.0,7,1.9,,0,,41.0,6
89460800120136624465,2022-07-23,19:46:42,2022-07-23 19:46:42,46.982883,-123.974701,1.4,3,0,0.54,62.0,4.16,5.64,32.0,9,2.43,,0,,37.0,7
89460800120136624465,2022-07-23,19:31:28,2022-07-23 19:31:28,46.982929,-123.97467,1.36,3,19,0.29,98.0,4.17,5.64,24.0,7,2.1,,0,,35.0,6
89460800120136624465,2022-07-23,19:15:42,2022-07-23 19:15:42,46.982944,-123.974693,1.22,3,3,0.52,56.0,4.17,5.63,18.0,8,1.77,,0,,31.0,6
89460800120136624465,2022-07-23,19:00:28,2022-07-23 19:00:28,46.982891,-123.974686,1.03,3,9,0.85,60.0,4.17,5.66,20.0,8,1.65,,0,,30.0,6
89460800120136624465,2022-07-23,18:45:15,2022-07-23 18:45:15,46.98288,-123.974655,1.36,3,8,0.31,74.0,4.16,5.61,15.0,7,2.17,,0,,28.0,6
89460800120136624465,2022-07-23,18:30:02,2022-07-23 18:30:02,46.982651,-123.974602,2.84,3,348,3.06,117.0,4.16,5.63,13.0,6,3.79,,0,,25.0,8
89460800120136624465,2022-07-23,18:14:46,2022-07-23 18:14:46,46.982811,-123.974709,1.19,3,355,1.91,71.0,4.17,5.59,9.0,9,1.33,,0,,25.0,10
89460800120136624465,2022-07-23,17:59:29,2022-07-23 17:59:29,46.982758,-123.97467,1.49,3,343,3.61,65.0,4.17,5.6,9.0,8,2.11,,0,,24.0,9
89460800120136624465,2022-07-23,17:44:13,2022-07-23 17:44:13,46.982765,-123.974602,2.61,3,358,1.7,72.0,4.16,5.63,10.0,5,3.92,,0,,23.0,7
89460800120136624465,2022-07-23,17:28:59,2022-07-23 17:28:59,46.982761,-123.974747,2.57,3,11,2.04,74.0,4.16,5.55,7.0,5,3.93,,0,,22.0,9
89460800120136624465,2022-07-23,17:13:43,2022-07-23 17:13:43,46.982998,-123.974754,1.1,3,0,0.11,16.0,4.15,5.53,6.0,8,2.12,,0,,23.0,7
89460800120136624465,2022-07-23,16:58:29,2022-07-23 16:58:29,46.982914,-123.974762,1.02,3,357,0.25,57.0,4.15,5.58,7.0,9,1.98,,0,,23.0,10
89460800120136624465,2022-07-23,16:43:11,2022-07-23 16:43:11,46.982876,-123.974716,1.09,3,8,0.03,108.0,4.15,5.54,7.0,9,1.85,,0,,23.0,6
89460800120136624465,2022-07-23,16:27:58,2022-07-23 16:27:58,46.982868,-123.97477,1.54,3,0,0.44,84.0,4.12,5.54,7.0,7,3.28,,0,,22.0,5
89460800120136624465,2022-07-23,16:12:46,2022-07-23 16:12:46,46.982853,-123.974731,1.91,3,0,0.12,88.0,4.12,5.55,7.0,7,2.83,,0,,21.0,6
89460800120136624465,2022-07-23,15:57:33,2022-07-23 15:57:33,46.9827,-123.974831,0.92,3,0,0.25,89.0,4.11,5.52,6.0,10,1.13,,0,,21.0,6
89460800120136624465,2022-07-23,15:42:20,2022-07-23 15:42:20,46.982552,-123.974892,2.69,3,0,0.4,108.0,4.14,5.55,6.0,8,3.08,,0,,20.0,6
89460800120136624465,2022-07-23,15:27:07,2022-07-23 15:27:07,46.982803,-123.974777,1.23,3,9,0.9,65.0,4.11,5.48,5.0,8,1.65,,0,,19.0,11
89460800120136624465,2022-07-23,15:11:49,2022-07-23 15:11:49,46.982658,-123.974747,1.83,3,44,2.56,89.0,4.13,5.48,4.0,7,1.92,,0,,18.0,6
89460800120136624465,2022-07-23,14:56:36,2022-07-23 14:56:36,46.982834,-123.974777,1.81,3,13,2.9,63.0,4.12,5.46,3.0,8,2.06,,0,,18.0,6
89460800120136624465,2022-07-23,14:41:23,2022-07-23 14:41:23,46.982883,-123.974747,1.34,3,10,3.85,58.0,4.13,5.43,3.0,7,1.62,,0,,17.0,6
89460800120136624465,2022-07-23,14:26:09,2022-07-23 14:26:09,46.983021,-123.974884,1.89,3,359,2.92,36.0,4.12,5.29,0.0,6,2.27,,0,,16.0,6
89460800120136624465,2022-07-23,14:10:56,2022-07-23 14:10:56,46.982857,-123.974815,1.13,3,15,1.01,108.0,4.1,5.16,0.0,8,2.06,,0,,15.0,9
89460800120136624465,2022-07-23,13:55:40,2022-07-23 13:55:40,46.982899,-123.974731,1.22,3,11,0.38,60.0,4.11,5.01,0.0,7,2.94,,0,,16.0,9
89460800120136624465,2022-07-23,13:40:24,2022-07-23 13:40:24,46.982922,-123.974739,1.27,3,264,3.02,38.0,4.13,4.93,0.0,7,1.97,,0,,18.0,5
89460800120136624465,2022-07-23,13:25:11,2022-07-23 13:25:11,46.982986,-123.97467,1.25,3,9,0.6,39.0,4.11,4.53,0.0,7,1.94,,8,,22.0,10
89460800120136624465,2022-07-23,04:20:32,2022-07-23 04:20:32,46.982685,-123.9748,1.69,3,0,0.52,75.0,4.15,1.77,0.0,5,2.29,,0,,15.0,7
89460800120136624465,2022-07-23,04:05:18,2022-07-23 04:05:18,46.982758,-123.974815,0.99,3,0,0.07,79.0,4.13,2.99,0.0,7,1.57,,0,,15.0,7
89460800120136624465,2022-07-23,03:50:04,2022-07-23 03:50:04,46.982796,-123.9748,1.11,3,349,0.39,85.0,4.14,3.75,0.0,8,1.76,,0,,16.0,12
89460800120136624465,2022-07-23,03:34:45,2022-07-23 03:34:45,46.982838,-123.974716,1.7,3,25,2.95,74.0,4.15,4.52,0.0,6,2.02,,0,,16.0,6
89460800120136624465,2022-07-23,03:19:32,2022-07-23 03:19:32,46.982895,-123.974739,0.82,3,0,1.97,71.0,4.13,4.78,0.0,9,1.26,,0,,17.0,11
89460800120136624465,2022-07-23,03:04:14,2022-07-23 03:04:14,46.982826,-123.974693,0.98,3,0,1.48,86.0,4.15,4.97,0.0,7,1.42,,0,,17.0,11
89460800120136624465,2022-07-23,02:48:56,2022-07-23 02:48:56,46.982975,-123.974754,2.99,3,0,0.41,50.0,4.14,5.11,0.0,5,4.91,,0,,17.0,7
89460800120136624465,2022-07-23,02:33:42,2022-07-23 02:33:42,46.98296,-123.974846,2.02,3,18,0.79,50.0,4.15,5.06,0.0,5,2.9,,0,,18.0,5
89460800120136624465,2022-07-23,02:18:29,2022-07-23 02:18:29,46.982956,-123.974884,1.55,3,0,0.84,59.0,4.13,5.2,0.0,6,2.64,,0,,18.0,7
89460800120136624465,2022-07-23,02:03:15,2022-07-23 02:03:15,46.982937,-123.974869,1.52,3,28,0.62,59.0,4.12,5.33,2.0,6,4.15,,0,,19.0,6
89460800120136624465,2022-07-23,01:48:02,2022-07-23 01:48:02,46.982956,-123.974815,1.33,3,0,0.8,54.0,4.15,5.39,3.0,7,1.91,,0,,20.0,6
89460800120136624465,2022-07-23,01:32:49,2022-07-23 01:32:49,46.983025,-123.974747,1.79,3,9,1.06,33.0,4.15,5.43,4.0,6,2.95,,0,,21.0,5
89460800120136624465,2022-07-23,01:17:37,2022-07-23 01:17:37,46.982971,-123.974724,1.21,3,0,0.85,53.0,4.13,5.5,6.0,8,1.49,,0,,22.0,6
89460800120136624465,2022-07-23,01:02:24,2022-07-23 01:02:24,46.983009,-123.974716,1.23,3,19,1.23,45.0,4.15,5.54,6.0,8,1.57,,0,,23.0,6
89460800120136624465,2022-07-23,00:47:11,2022-07-23 00:47:11,46.982956,-123.974724,1.24,3,356,0.29,49.0,4.14,5.64,10.0,8,1.57,,0,,24.0,6
89460800120136624465,2022-07-23,00:31:58,2022-07-23 00:31:58,46.982941,-123.974731,1.14,3,55,0.19,49.0,4.14,5.61,9.0,10,1.45,,0,,25.0,9
89460800120136624465,2022-07-23,00:16:42,2022-07-23 00:16:42,46.982948,-123.974731,1.38,3,14,1.69,43.0,4.14,5.52,9.0,8,1.61,,0,,26.0,6
89460800120136624465,2022-07-23,00:01:29,2022-07-23 00:01:29,46.982899,-123.974739,1.31,3,47,1.36,52.0,4.12,5.68,13.0,7,1.61,,2,,26.0,6
89460800120136624465,2022-07-22,23:46:14,2022-07-22 23:46:14,46.982922,-123.97477,1.25,3,0,0.1,48.0,4.11,5.72,15.0,7,1.98,,0,,28.0,7
89460800120136624465,2022-07-22,23:31:00,2022-07-22 23:31:00,46.982925,-123.975014,2.27,3,16,0.09,101.0,4.11,5.76,22.0,6,5.62,,0,,28.0,7
89460800120136624465,2022-07-22,23:15:46,2022-07-22 23:15:46,46.983009,-123.974762,1.34,3,0,0.49,50.0,4.09,5.71,15.0,7,1.91,,0,,26.0,6
89460800120136624465,2022-07-22,23:00:33,2022-07-22 23:00:33,46.982986,-123.974709,1.01,3,0,0.01,55.0,4.08,5.64,11.0,8,1.71,,0,,25.0,6
89460800120136624465,2022-07-22,22:45:20,2022-07-22 22:45:20,46.983002,-123.974709,1.25,3,0,0.28,51.0,4.1,5.62,11.0,7,2.27,,0,,26.0,7
89460800120136624465,2022-07-22,22:30:06,2022-07-22 22:30:06,46.983025,-123.974648,1.25,3,8,0.37,51.0,4.09,5.72,16.0,7,2.18,,0,,26.0,6
89460800120136624465,2022-07-22,22:14:53,2022-07-22 22:14:53,46.982994,-123.974609,1.27,3,0,0.3,64.0,4.1,5.65,12.0,7,1.95,,0,,25.0,6
89460800120136624465,2022-07-22,21:59:40,2022-07-22 21:59:40,46.983177,-123.974716,1.26,3,356,0.27,29.0,4.1,5.57,9.0,8,1.63,,0,,26.0,7
89460800120136624465,2022-07-22,21:44:26,2022-07-22 21:44:26,46.983086,-123.974617,1.03,3,0,0.72,80.0,4.07,5.6,12.0,8,1.23,,0,,27.0,8
89460800120136624465,2022-07-22,21:29:11,2022-07-22 21:29:11,46.982975,-123.974632,2.16,3,0,0.43,77.0,4.08,5.7,15.0,6,2.82,,0,,28.0,6
89460800120136624465,2022-07-22,21:13:58,2022-07-22 21:13:58,46.98291,-123.974541,1.79,3,0,0.81,67.0,4.08,5.72,17.0,8,2.1,,0,,27.0,7
89460800120136624465,2022-07-22,20:58:44,2022-07-22 20:58:44,46.982803,-123.974701,1.56,3,0,0.3,66.0,4.07,5.72,15.0,7,1.95,,0,,26.0,7
89460800120136624465,2022-07-22,20:43:30,2022-07-22 20:43:30,46.983002,-123.974609,1.21,3,1,0.19,42.0,4.05,5.72,15.0,7,2.02,,0,,25.0,12
89460800120136624465,2022-07-22,20:28:11,2022-07-22 20:28:11,46.982841,-123.974632,1.13,3,15,0.49,63.0,4.04,5.73,13.0,8,2.04,,15,,23.0,13
89460800120136624465,2022-07-21,21:45:58,2022-07-21 21:45:58,46.982517,-123.974724,1.78,3,15,1.17,161.0,4.17,5.71,47.0,6,1.82,,0,,43.0,10
89460800120136624465,2022-07-21,21:30:40,2022-07-21 21:30:40,46.982094,-123.975349,1.76,3,14,2.4,201.0,4.15,5.62,44.0,6,1.52,,0,,44.0,9
89460800120136624465,2022-07-21,21:15:23,2022-07-21 21:15:23,46.981861,-123.975288,2.0,3,0,0.77,201.0,4.17,5.63,34.0,7,2.08,,0,,43.0,7
89460800120136624465,2022-07-21,21:00:08,2022-07-21 21:00:08,46.982037,-123.97525,1.76,3,15,0.85,152.0,4.16,5.64,44.0,6,1.95,,0,,41.0,6
89460800120136624465,2022-07-21,20:44:54,2022-07-21 20:44:54,46.98288,-123.974899,1.63,3,27,0.77,94.0,4.16,5.59,35.0,6,2.23,,0,,40.0,8
89460800120136624465,2022-07-21,20:29:38,2022-07-21 20:29:38,46.982971,-123.9748,1.18,3,15,0.77,101.0,4.16,5.74,37.0,7,2.56,,0,,38.0,6
89460800120136624465,2022-07-21,20:14:24,2022-07-21 20:14:24,46.982861,-123.974838,1.56,3,0,0.2,78.0,4.14,5.63,26.0,6,3.4,,0,,37.0,7
89460800120136624465,2022-07-21,19:59:09,2022-07-21 19:59:09,46.98275,-123.974754,1.47,3,4,6.03,58.0,4.15,5.63,28.0,6,3.45,,0,,36.0,8
89460800120136624465,2022-07-21,19:43:53,2022-07-21 19:43:53,46.982536,-123.974762,2.08,3,354,3.35,73.0,4.15,5.66,23.0,5,3.0,,0,,34.0,9
89460800120136624465,2022-07-21,19:28:34,2022-07-21 19:28:34,46.98254,-123.974785,1.95,3,8,0.44,81.0,4.17,5.65,19.0,6,2.43,,0,,31.0,11
89460800120136624465,2022-07-21,19:13:15,2022-07-21 19:13:15,46.982487,-123.974892,1.87,3,0,0.33,87.0,4.16,5.63,14.0,5,2.72,,0,,28.0,7
89460800120136624465,2022-07-21,18:58:00,2022-07-21 18:58:00,46.982491,-123.974747,1.75,3,351,1.08,97.0,4.16,5.59,13.0,5,2.58,,0,,28.0,9
89460800120136624465,2022-07-21,18:42:43,2022-07-21 18:42:43,46.982468,-123.975037,1.64,3,0,0.31,126.0,4.15,5.64,12.0,5,2.19,,0,,27.0,6
89460800120136624465,2022-07-21,18:27:59,2022-07-21 18:27:59,46.982803,-123.97509,3.89,3,0,0.94,78.0,4.15,5.57,11.0,4,3.97,,269,,29.0,31
89460800120136624465,2022-07-18,12:18:52,2022-07-18 12:18:52,46.982666,-123.974113,1.24,3,0,0.85,126.0,4.15,0.26,0.0,7,1.71,,0,,21.0,79
89460800120136624465,2022-07-15,12:15:41,2022-07-15 12:15:41,46.982944,-123.974693,1.67,3,0,0.98,92.0,4.15,0.18,0.0,6,1.91,,0,,21.0,83
89460800120136624465,2022-07-11,17:01:40,2022-07-11 17:01:40,46.982887,-123.974716,2.12,3,0,0.68,128.0,4.15,4.58,0.0,5,3.41,,0,,24.0,86
89460800120136624465,2022-07-10,12:10:52,2022-07-10 12:10:52,46.983253,-123.974922,1.57,3,0,1.75,33.0,4.15,0.46,0.0,5,2.04,,0,,22.0,80
89460800120136624465,2022-07-07,04:35:45,2022-07-07 04:35:45,46.983795,-123.975174,2.27,3,0,0.92,-1.0,4.16,0.31,0.0,5,4.34,,2,,23.0,72
89460800120136624465,2022-07-06,12:08:23,2022-07-06 12:08:23,46.982948,-123.97435,1.51,3,0,0.99,157.0,4.15,0.33,0.0,7,2.11,,0,,22.0,117
89460800120136624465,2022-07-04,17:00:21,2022-07-04 17:00:21,46.983494,-123.974541,1.47,3,0,0.25,27.0,4.15,5.61,10.0,6,2.04,,6,,26.0,10
89460800120136624465,2022-07-02,03:27:42,2022-07-02 03:27:42,46.982922,-123.974815,1.52,3,0,1.25,37.0,4.16,4.3,0.0,6,2.95,,52,,16.0,30
89460800120136624465,2022-06-15,18:25:07,2022-06-15 18:25:07,34.057205,-117.824532,1.57,3,202,3.18,249.0,4.14,0.03,0.0,6,2.02,,316,,31.0,35
89460800120136624465,2022-06-15,05:38:06,2022-06-15 05:38:06,0.0,0.0,3.63,1,0,0.0,0.0,4.11,0.03,0.0,4,9.2,,331,,32.0,120
